phase,dataset,variant,seed,git_sha,timestamp,host,N,Dim,ef_ref,threads,repeat,build_time_s,edges,avg_degree,Recall_pct,CV,M_index,ef_construction
2,sift1m,vanilla,42,9fe3928,2026-09-05T20:17:45,hallasan,60000,128,101,1,0,3.452286720275879,1044030,17.4005,97.55000000000001,0.2103582810070143,16,100
2,sift1m,vanilla,42,9fe3928,2026-09-05T20:17:49,hallasan,60000,128,101,1,1,3.4339184761047363,1044030,17.4005,,0.2103582810070143,16,100
2,sift1m,vanilla,42,9fe3928,2026-09-05T20:17:52,hallasan,60000,128,101,1,2,3.4179506301879883,1044030,17.4005,,0.2103582810070143,16,100
2,sift1m,vanilla,42,9fe3928,2026-09-05T20:17:54,hallasan,60000,128,101,2,0,1.7628252506256104,1044091,17.401516666666666,97.54000000000002,0.2103582810070143,16,100
2,sift1m,vanilla,42,9fe3928,2026-09-05T20:17:56,hallasan,60000,128,101,2,1,1.7607576847076416,1044028,17.400466666666667,,0.2103582810070143,16,100
2,sift1m,vanilla,42,9fe3928,2026-09-05T20:17:57,hallasan,60000,128,101,2,2,1.7661848068237305,1043981,17.399683333333332,,0.2103582810070143,16,100
2,sift1m,vanilla,42,9fe3928,2026-09-05T20:17:59,hallasan,60000,128,101,3,0,1.2011284828186035,1043842,17.397366666666667,97.55000000000001,0.2103582810070143,16,100
2,sift1m,vanilla,42,9fe3928,2026-09-05T20:18:00,hallasan,60000,128,101,3,1,1.1987709999084473,1044017,17.400283333333334,,0.2103582810070143,16,100
2,sift1m,vanilla,42,9fe3928,2026-09-05T20:18:01,hallasan,60000,128,101,3,2,1.1986870765686035,1043932,17.398866666666667,,0.2103582810070143,16,100
2,sift1m,vanilla,42,9fe3928,2026-09-05T20:18:02,hallasan,60000,128,101,4,0,0.9142642021179199,1044346,17.40576666666667,97.03,0.2103582810070143,16,100
2,sift1m,vanilla,42,9fe3928,2026-09-05T20:18:03,hallasan,60000,128,101,4,1,0.9092586040496826,1043936,17.398933333333332,,0.2103582810070143,16,100
2,sift1m,vanilla,42,9fe3928,2026-09-05T20:18:04,hallasan,60000,128,101,4,2,0.9122505187988281,1043879,17.397983333333332,,0.2103582810070143,16,100
2,sift1m,vanilla,42,9fe3928,2026-09-05T20:18:05,hallasan,60000,128,101,5,0,0.7441198825836182,1044708,17.4118,97.87,0.2103582810070143,16,100
2,sift1m,vanilla,42,9fe3928,2026-09-05T20:18:05,hallasan,60000,128,101,5,1,0.7491185665130615,1044722,17.412033333333333,,0.2103582810070143,16,100
2,sift1m,vanilla,42,9fe3928,2026-09-05T20:18:06,hallasan,60000,128,101,5,2,0.7455747127532959,1044353,17.405883333333332,,0.2103582810070143,16,100
2,sift1m,vanilla,42,9fe3928,2026-09-05T20:18:07,hallasan,60000,128,101,6,0,0.6310269832611084,1044707,17.411783333333332,97.70000000000002,0.2103582810070143,16,100
2,sift1m,vanilla,42,9fe3928,2026-09-05T20:18:07,hallasan,60000,128,101,6,1,0.6305084228515625,1044118,17.401966666666667,,0.2103582810070143,16,100
2,sift1m,vanilla,42,9fe3928,2026-09-05T20:18:08,hallasan,60000,128,101,6,2,0.6298701763153076,1044727,17.412116666666666,,0.2103582810070143,16,100
2,sift1m,vanilla,42,9fe3928,2026-09-05T20:18:09,hallasan,60000,128,101,7,0,1.0426418781280518,1044168,17.4028,97.74000000000001,0.2103582810070143,16,100
2,sift1m,vanilla,42,9fe3928,2026-09-05T20:18:10,hallasan,60000,128,101,7,1,0.7359192371368408,1044873,17.41455,,0.2103582810070143,16,100
2,sift1m,vanilla,42,9fe3928,2026-09-05T20:18:11,hallasan,60000,128,101,7,2,0.7423136234283447,1045637,17.42728333333333,,0.2103582810070143,16,100
2,sift1m,vanilla,42,9fe3928,2026-09-05T20:18:11,hallasan,60000,128,101,8,0,0.7321438789367676,1045240,17.420666666666666,97.9,0.2103582810070143,16,100
2,sift1m,vanilla,42,9fe3928,2026-09-05T20:18:12,hallasan,60000,128,101,8,1,0.7299778461456299,1044256,17.40426666666667,,0.2103582810070143,16,100
2,sift1m,vanilla,42,9fe3928,2026-09-05T20:18:13,hallasan,60000,128,101,8,2,0.7376320362091064,1045205,17.420083333333334,,0.2103582810070143,16,100
2,sift1m,vanilla,42,9fe3928,2026-09-05T20:18:14,hallasan,60000,128,101,9,0,0.7730207443237305,1045416,17.4236,97.86000000000001,0.2103582810070143,16,100
2,sift1m,vanilla,42,9fe3928,2026-09-05T20:18:14,hallasan,60000,128,101,9,1,0.7753689289093018,1045787,17.429783333333333,,0.2103582810070143,16,100
2,sift1m,vanilla,42,9fe3928,2026-09-05T20:18:15,hallasan,60000,128,101,9,2,0.7831234931945801,1045022,17.417033333333332,,0.2103582810070143,16,100
2,sift1m,vanilla,42,9fe3928,2026-09-05T20:18:16,hallasan,60000,128,101,10,0,0.7815957069396973,1045632,17.4272,97.99000000000001,0.2103582810070143,16,100
2,sift1m,vanilla,42,9fe3928,2026-09-05T20:18:17,hallasan,60000,128,101,10,1,0.7627747058868408,1045191,17.41985,,0.2103582810070143,16,100
2,sift1m,vanilla,42,9fe3928,2026-09-05T20:18:18,hallasan,60000,128,101,10,2,0.7803061008453369,1045485,17.42475,,0.2103582810070143,16,100
2,sift1m,vanilla,42,9fe3928,2026-09-05T20:18:18,hallasan,60000,128,101,11,0,0.7822566032409668,1045357,17.422616666666666,97.92000000000002,0.2103582810070143,16,100
2,sift1m,vanilla,42,9fe3928,2026-09-05T20:18:19,hallasan,60000,128,101,11,1,0.7732501029968262,1044215,17.403583333333334,,0.2103582810070143,16,100
2,sift1m,vanilla,42,9fe3928,2026-09-05T20:18:20,hallasan,60000,128,101,11,2,0.7831516265869141,1044589,17.409816666666668,,0.2103582810070143,16,100
2,sift1m,vanilla,42,9fe3928,2026-09-05T20:18:21,hallasan,60000,128,101,12,0,0.7844607830047607,1044848,17.414133333333332,97.83000000000001,0.2103582810070143,16,100
2,sift1m,vanilla,42,9fe3928,2026-09-05T20:18:22,hallasan,60000,128,101,12,1,0.7771387100219727,1044701,17.411683333333333,,0.2103582810070143,16,100
2,sift1m,vanilla,42,9fe3928,2026-09-05T20:18:22,hallasan,60000,128,101,12,2,0.7833147048950195,1045152,17.4192,,0.2103582810070143,16,100
2,sift1m,vanilla,42,9fe3928,2026-09-05T20:18:23,hallasan,60000,128,101,13,0,0.7616264820098877,1044969,17.41615,97.92999999999999,0.2103582810070143,16,100
2,sift1m,vanilla,42,9fe3928,2026-09-05T20:18:24,hallasan,60000,128,101,13,1,0.758690357208252,1045451,17.424183333333332,,0.2103582810070143,16,100
2,sift1m,vanilla,42,9fe3928,2026-09-05T20:18:25,hallasan,60000,128,101,13,2,0.7641727924346924,1044925,17.415416666666665,,0.2103582810070143,16,100
2,sift1m,vanilla,42,9fe3928,2026-09-05T20:18:25,hallasan,60000,128,101,14,0,0.7562768459320068,1045234,17.420566666666666,97.94,0.2103582810070143,16,100
2,sift1m,vanilla,42,9fe3928,2026-09-05T20:18:26,hallasan,60000,128,101,14,1,0.7399394512176514,1044438,17.4073,,0.2103582810070143,16,100
2,sift1m,vanilla,42,9fe3928,2026-09-05T20:18:27,hallasan,60000,128,101,14,2,0.7545661926269531,1044887,17.414783333333332,,0.2103582810070143,16,100
2,sift1m,vanilla,42,9fe3928,2026-09-05T20:18:28,hallasan,60000,128,101,15,0,0.7421095371246338,1044519,17.40865,97.84,0.2103582810070143,16,100
2,sift1m,vanilla,42,9fe3928,2026-09-05T20:18:28,hallasan,60000,128,101,15,1,0.7409372329711914,1045122,17.4187,,0.2103582810070143,16,100
2,sift1m,vanilla,42,9fe3928,2026-09-05T20:18:29,hallasan,60000,128,101,15,2,0.7489142417907715,1044767,17.412783333333334,,0.2103582810070143,16,100
2,sift1m,vanilla,42,9fe3928,2026-09-05T20:18:30,hallasan,60000,128,101,16,0,0.7446856498718262,1045328,17.422133333333335,97.83,0.2103582810070143,16,100
2,sift1m,vanilla,42,9fe3928,2026-09-05T20:18:31,hallasan,60000,128,101,16,1,0.7291042804718018,1044733,17.412216666666666,,0.2103582810070143,16,100
2,sift1m,vanilla,42,9fe3928,2026-09-05T20:18:31,hallasan,60000,128,101,16,2,0.7429769039154053,1045392,17.4232,,0.2103582810070143,16,100
2,sift1m,dhnsw,42,9fe3928,2026-09-05T20:18:35,hallasan,60000,128,101,1,0,3.286381244659424,858091,14.301516666666666,96.65000000000002,0.2103582810070143,21,132
2,sift1m,dhnsw,42,9fe3928,2026-09-05T20:18:38,hallasan,60000,128,101,1,1,3.2975146770477295,858091,14.301516666666666,,0.2103582810070143,21,132
2,sift1m,dhnsw,42,9fe3928,2026-09-05T20:18:41,hallasan,60000,128,101,1,2,3.283041477203369,858091,14.301516666666666,,0.2103582810070143,21,132
2,sift1m,dhnsw,42,9fe3928,2026-09-05T20:18:43,hallasan,60000,128,101,2,0,1.6909494400024414,857972,14.299533333333333,96.67,0.2103582810070143,21,132
2,sift1m,dhnsw,42,9fe3928,2026-09-05T20:18:45,hallasan,60000,128,101,2,1,1.6910512447357178,858066,14.3011,,0.2103582810070143,21,132
2,sift1m,dhnsw,42,9fe3928,2026-09-05T20:18:46,hallasan,60000,128,101,2,2,1.6839830875396729,858489,14.30815,,0.2103582810070143,21,132
2,sift1m,dhnsw,42,9fe3928,2026-09-05T20:18:48,hallasan,60000,128,101,3,0,1.1546378135681152,857906,14.298433333333334,96.76,0.2103582810070143,21,132
2,sift1m,dhnsw,42,9fe3928,2026-09-05T20:18:49,hallasan,60000,128,101,3,1,1.1474571228027344,858113,14.301883333333333,,0.2103582810070143,21,132
2,sift1m,dhnsw,42,9fe3928,2026-09-05T20:18:50,hallasan,60000,128,101,3,2,1.145526647567749,858043,14.300716666666666,,0.2103582810070143,21,132
2,sift1m,dhnsw,42,9fe3928,2026-09-05T20:18:51,hallasan,60000,128,101,4,0,0.8746247291564941,858045,14.30075,96.78,0.2103582810070143,21,132
2,sift1m,dhnsw,42,9fe3928,2026-09-05T20:18:52,hallasan,60000,128,101,4,1,0.8725795745849609,858001,14.300016666666666,,0.2103582810070143,21,132
2,sift1m,dhnsw,42,9fe3928,2026-09-05T20:18:53,hallasan,60000,128,101,4,2,0.8719282150268555,858077,14.301283333333334,,0.2103582810070143,21,132
2,sift1m,dhnsw,42,9fe3928,2026-09-05T20:18:53,hallasan,60000,128,101,5,0,0.7130084037780762,858166,14.302766666666667,96.77000000000002,0.2103582810070143,21,132
2,sift1m,dhnsw,42,9fe3928,2026-09-05T20:18:54,hallasan,60000,128,101,5,1,0.71376633644104,858329,14.305483333333333,,0.2103582810070143,21,132
2,sift1m,dhnsw,42,9fe3928,2026-09-05T20:18:55,hallasan,60000,128,101,5,2,0.7097275257110596,858269,14.304483333333334,,0.2103582810070143,21,132
2,sift1m,dhnsw,42,9fe3928,2026-09-05T20:18:55,hallasan,60000,128,101,6,0,0.6017484664916992,857961,14.29935,96.60000000000001,0.2103582810070143,21,132
2,sift1m,dhnsw,42,9fe3928,2026-09-05T20:18:56,hallasan,60000,128,101,6,1,0.6292266845703125,857798,14.296633333333334,,0.2103582810070143,21,132
2,sift1m,dhnsw,42,9fe3928,2026-09-05T20:18:57,hallasan,60000,128,101,6,2,1.005803108215332,858097,14.301616666666666,,0.2103582810070143,21,132
2,sift1m,dhnsw,42,9fe3928,2026-09-05T20:18:58,hallasan,60000,128,101,7,0,0.7032902240753174,858187,14.303116666666666,96.76,0.2103582810070143,21,132
2,sift1m,dhnsw,42,9fe3928,2026-09-05T20:18:58,hallasan,60000,128,101,7,1,0.6980721950531006,858047,14.300783333333333,,0.2103582810070143,21,132
2,sift1m,dhnsw,42,9fe3928,2026-09-05T20:18:59,hallasan,60000,128,101,7,2,0.7059063911437988,858096,14.3016,,0.2103582810070143,21,132
2,sift1m,dhnsw,42,9fe3928,2026-09-05T20:19:00,hallasan,60000,128,101,8,0,0.6853742599487305,857922,14.2987,96.77000000000001,0.2103582810070143,21,132
2,sift1m,dhnsw,42,9fe3928,2026-09-05T20:19:01,hallasan,60000,128,101,8,1,0.6879563331604004,858410,14.306833333333334,,0.2103582810070143,21,132
2,sift1m,dhnsw,42,9fe3928,2026-09-05T20:19:01,hallasan,60000,128,101,8,2,0.6913635730743408,857911,14.298516666666666,,0.2103582810070143,21,132
2,sift1m,dhnsw,42,9fe3928,2026-09-05T20:19:02,hallasan,60000,128,101,9,0,0.7228579521179199,858038,14.300633333333334,95.77000000000001,0.2103582810070143,21,132
2,sift1m,dhnsw,42,9fe3928,2026-09-05T20:19:03,hallasan,60000,128,101,9,1,0.7179327011108398,858627,14.31045,,0.2103582810070143,21,132
2,sift1m,dhnsw,42,9fe3928,2026-09-05T20:19:03,hallasan,60000,128,101,9,2,0.7312207221984863,857603,14.293383333333333,,0.2103582810070143,21,132
2,sift1m,dhnsw,42,9fe3928,2026-09-05T20:19:04,hallasan,60000,128,101,10,0,0.7219853401184082,858638,14.310633333333334,96.78000000000002,0.2103582810070143,21,132
2,sift1m,dhnsw,42,9fe3928,2026-09-05T20:19:05,hallasan,60000,128,101,10,1,0.7098116874694824,858917,14.315283333333333,,0.2103582810070143,21,132
2,sift1m,dhnsw,42,9fe3928,2026-09-05T20:19:06,hallasan,60000,128,101,10,2,0.7235026359558105,858245,14.304083333333333,,0.2103582810070143,21,132
2,sift1m,dhnsw,42,9fe3928,2026-09-05T20:19:06,hallasan,60000,128,101,11,0,0.7223691940307617,858003,14.30005,96.53,0.2103582810070143,21,132
2,sift1m,dhnsw,42,9fe3928,2026-09-05T20:19:07,hallasan,60000,128,101,11,1,0.7157790660858154,857705,14.295083333333332,,0.2103582810070143,21,132
2,sift1m,dhnsw,42,9fe3928,2026-09-05T20:19:08,hallasan,60000,128,101,11,2,0.7208571434020996,857428,14.290466666666667,,0.2103582810070143,21,132
2,sift1m,dhnsw,42,9fe3928,2026-09-05T20:19:09,hallasan,60000,128,101,12,0,0.7192068099975586,857514,14.2919,96.73,0.2103582810070143,21,132
2,sift1m,dhnsw,42,9fe3928,2026-09-05T20:19:09,hallasan,60000,128,101,12,1,0.7157008647918701,858515,14.308583333333333,,0.2103582810070143,21,132
2,sift1m,dhnsw,42,9fe3928,2026-09-05T20:19:10,hallasan,60000,128,101,12,2,0.7121474742889404,857609,14.293483333333333,,0.2103582810070143,21,132
2,sift1m,dhnsw,42,9fe3928,2026-09-05T20:19:11,hallasan,60000,128,101,13,0,0.7131147384643555,858144,14.3024,96.66999999999999,0.2103582810070143,21,132
2,sift1m,dhnsw,42,9fe3928,2026-09-05T20:19:12,hallasan,60000,128,101,13,1,0.70684814453125,857809,14.296816666666667,,0.2103582810070143,21,132
2,sift1m,dhnsw,42,9fe3928,2026-09-05T20:19:12,hallasan,60000,128,101,13,2,0.7112338542938232,857534,14.292233333333334,,0.2103582810070143,21,132
2,sift1m,dhnsw,42,9fe3928,2026-09-05T20:19:13,hallasan,60000,128,101,14,0,0.699413537979126,857738,14.295633333333333,96.41000000000001,0.2103582810070143,21,132
2,sift1m,dhnsw,42,9fe3928,2026-09-05T20:19:14,hallasan,60000,128,101,14,1,0.6908941268920898,858703,14.311716666666667,,0.2103582810070143,21,132
2,sift1m,dhnsw,42,9fe3928,2026-09-05T20:19:14,hallasan,60000,128,101,14,2,0.706052303314209,858677,14.311283333333334,,0.2103582810070143,21,132
2,sift1m,dhnsw,42,9fe3928,2026-09-05T20:19:15,hallasan,60000,128,101,15,0,0.7009758949279785,858065,14.301083333333333,96.56,0.2103582810070143,21,132
2,sift1m,dhnsw,42,9fe3928,2026-09-05T20:19:16,hallasan,60000,128,101,15,1,0.6899008750915527,857856,14.2976,,0.2103582810070143,21,132
2,sift1m,dhnsw,42,9fe3928,2026-09-05T20:19:16,hallasan,60000,128,101,15,2,0.6969959735870361,858472,14.307866666666667,,0.2103582810070143,21,132
2,sift1m,dhnsw,42,9fe3928,2026-09-05T20:19:17,hallasan,60000,128,101,16,0,0.6982016563415527,858254,14.304233333333332,96.87000000000002,0.2103582810070143,21,132
2,sift1m,dhnsw,42,9fe3928,2026-09-05T20:19:18,hallasan,60000,128,101,16,1,0.684293270111084,858782,14.313033333333333,,0.2103582810070143,21,132
2,sift1m,dhnsw,42,9fe3928,2026-09-05T20:19:19,hallasan,60000,128,101,16,2,0.6892948150634766,858001,14.300016666666666,,0.2103582810070143,21,132
2,sift1m,dhnsw_ef100,42,9fe3928,2026-09-05T20:19:22,hallasan,60000,128,101,1,0,3.2389111518859863,857409,14.29015,96.63000000000001,0.2103582810070143,21,100
2,sift1m,dhnsw_ef100,42,9fe3928,2026-09-05T20:19:25,hallasan,60000,128,101,1,1,3.23750638961792,857409,14.29015,,0.2103582810070143,21,100
2,sift1m,dhnsw_ef100,42,9fe3928,2026-09-05T20:19:28,hallasan,60000,128,101,1,2,3.2349042892456055,857409,14.29015,,0.2103582810070143,21,100
2,sift1m,dhnsw_ef100,42,9fe3928,2026-09-05T20:19:30,hallasan,60000,128,101,2,0,1.6705565452575684,857529,14.29215,96.66,0.2103582810070143,21,100
2,sift1m,dhnsw_ef100,42,9fe3928,2026-09-05T20:19:32,hallasan,60000,128,101,2,1,1.6674606800079346,857504,14.291733333333333,,0.2103582810070143,21,100
2,sift1m,dhnsw_ef100,42,9fe3928,2026-09-05T20:19:33,hallasan,60000,128,101,2,2,1.6747500896453857,857313,14.28855,,0.2103582810070143,21,100
2,sift1m,dhnsw_ef100,42,9fe3928,2026-09-05T20:19:35,hallasan,60000,128,101,3,0,1.133552074432373,857380,14.289666666666667,96.64000000000001,0.2103582810070143,21,100
2,sift1m,dhnsw_ef100,42,9fe3928,2026-09-05T20:19:36,hallasan,60000,128,101,3,1,1.1351349353790283,857149,14.285816666666667,,0.2103582810070143,21,100
2,sift1m,dhnsw_ef100,42,9fe3928,2026-09-05T20:19:37,hallasan,60000,128,101,3,2,1.13535475730896,857301,14.28835,,0.2103582810070143,21,100
2,sift1m,dhnsw_ef100,42,9fe3928,2026-09-05T20:19:38,hallasan,60000,128,101,4,0,0.8636970520019531,857404,14.290066666666666,96.59000000000002,0.2103582810070143,21,100
2,sift1m,dhnsw_ef100,42,9fe3928,2026-09-05T20:19:39,hallasan,60000,128,101,4,1,0.8636128902435303,857503,14.291716666666666,,0.2103582810070143,21,100
2,sift1m,dhnsw_ef100,42,9fe3928,2026-09-05T20:19:39,hallasan,60000,128,101,4,2,0.8630096912384033,857412,14.2902,,0.2103582810070143,21,100
2,sift1m,dhnsw_ef100,42,9fe3928,2026-09-05T20:19:40,hallasan,60000,128,101,5,0,0.7069628238677979,857354,14.289233333333334,96.59000000000002,0.2103582810070143,21,100
2,sift1m,dhnsw_ef100,42,9fe3928,2026-09-05T20:19:41,hallasan,60000,128,101,5,1,0.7100584506988525,857972,14.299533333333333,,0.2103582810070143,21,100
2,sift1m,dhnsw_ef100,42,9fe3928,2026-09-05T20:19:42,hallasan,60000,128,101,5,2,0.7067880630493164,857650,14.294166666666667,,0.2103582810070143,21,100
2,sift1m,dhnsw_ef100,42,9fe3928,2026-09-05T20:19:42,hallasan,60000,128,101,6,0,0.5992176532745361,857594,14.293233333333333,96.61000000000001,0.2103582810070143,21,100
2,sift1m,dhnsw_ef100,42,9fe3928,2026-09-05T20:19:43,hallasan,60000,128,101,6,1,0.597947359085083,857817,14.29695,,0.2103582810070143,21,100
2,sift1m,dhnsw_ef100,42,9fe3928,2026-09-05T20:19:44,hallasan,60000,128,101,6,2,0.7334697246551514,857989,14.299816666666667,,0.2103582810070143,21,100
2,sift1m,dhnsw_ef100,42,9fe3928,2026-09-05T20:19:44,hallasan,60000,128,101,7,0,0.7174804210662842,857080,14.284666666666666,95.67,0.2103582810070143,21,100
2,sift1m,dhnsw_ef100,42,9fe3928,2026-09-05T20:19:45,hallasan,60000,128,101,7,1,0.8759763240814209,857322,14.2887,,0.2103582810070143,21,100
2,sift1m,dhnsw_ef100,42,9fe3928,2026-09-05T20:19:46,hallasan,60000,128,101,7,2,0.6987032890319824,857830,14.297166666666667,,0.2103582810070143,21,100
2,sift1m,dhnsw_ef100,42,9fe3928,2026-09-05T20:19:47,hallasan,60000,128,101,8,0,0.6827266216278076,857825,14.297083333333333,96.65,0.2103582810070143,21,100
2,sift1m,dhnsw_ef100,42,9fe3928,2026-09-05T20:19:47,hallasan,60000,128,101,8,1,0.6793780326843262,857427,14.29045,,0.2103582810070143,21,100
2,sift1m,dhnsw_ef100,42,9fe3928,2026-09-05T20:19:48,hallasan,60000,128,101,8,2,0.6848042011260986,856770,14.2795,,0.2103582810070143,21,100
2,sift1m,dhnsw_ef100,42,9fe3928,2026-09-05T20:19:49,hallasan,60000,128,101,9,0,0.7124309539794922,858267,14.30445,96.83,0.2103582810070143,21,100
2,sift1m,dhnsw_ef100,42,9fe3928,2026-09-05T20:19:49,hallasan,60000,128,101,9,1,0.7127959728240967,857570,14.292833333333334,,0.2103582810070143,21,100
2,sift1m,dhnsw_ef100,42,9fe3928,2026-09-05T20:19:50,hallasan,60000,128,101,9,2,0.7184057235717773,857213,14.286883333333334,,0.2103582810070143,21,100
2,sift1m,dhnsw_ef100,42,9fe3928,2026-09-05T20:19:51,hallasan,60000,128,101,10,0,0.7183539867401123,857905,14.298416666666666,96.80999999999999,0.2103582810070143,21,100
2,sift1m,dhnsw_ef100,42,9fe3928,2026-09-05T20:19:52,hallasan,60000,128,101,10,1,0.6991724967956543,857631,14.29385,,0.2103582810070143,21,100
2,sift1m,dhnsw_ef100,42,9fe3928,2026-09-05T20:19:52,hallasan,60000,128,101,10,2,0.7156214714050293,857154,14.2859,,0.2103582810070143,21,100
2,sift1m,dhnsw_ef100,42,9fe3928,2026-09-05T20:19:53,hallasan,60000,128,101,11,0,0.7166943550109863,857509,14.291816666666668,96.64000000000001,0.2103582810070143,21,100
2,sift1m,dhnsw_ef100,42,9fe3928,2026-09-05T20:19:54,hallasan,60000,128,101,11,1,0.7055938243865967,857717,14.295283333333334,,0.2103582810070143,21,100
2,sift1m,dhnsw_ef100,42,9fe3928,2026-09-05T20:19:54,hallasan,60000,128,101,11,2,0.7171831130981445,857876,14.297933333333333,,0.2103582810070143,21,100
2,sift1m,dhnsw_ef100,42,9fe3928,2026-09-05T20:19:55,hallasan,60000,128,101,12,0,0.715540885925293,857618,14.293633333333334,96.75999999999999,0.2103582810070143,21,100
2,sift1m,dhnsw_ef100,42,9fe3928,2026-09-05T20:19:56,hallasan,60000,128,101,12,1,0.7114477157592773,857291,14.288183333333333,,0.2103582810070143,21,100
2,sift1m,dhnsw_ef100,42,9fe3928,2026-09-05T20:19:57,hallasan,60000,128,101,12,2,0.7172753810882568,857359,14.289316666666666,,0.2103582810070143,21,100
2,sift1m,dhnsw_ef100,42,9fe3928,2026-09-05T20:19:57,hallasan,60000,128,101,13,0,0.7091097831726074,856877,14.281283333333333,96.62,0.2103582810070143,21,100
2,sift1m,dhnsw_ef100,42,9fe3928,2026-09-05T20:19:58,hallasan,60000,128,101,13,1,0.6957533359527588,858118,14.301966666666667,,0.2103582810070143,21,100
2,sift1m,dhnsw_ef100,42,9fe3928,2026-09-05T20:19:59,hallasan,60000,128,101,13,2,0.7010114192962646,857344,14.289066666666667,,0.2103582810070143,21,100
2,sift1m,dhnsw_ef100,42,9fe3928,2026-09-05T20:20:00,hallasan,60000,128,101,14,0,0.6966605186462402,857488,14.291466666666667,96.81,0.2103582810070143,21,100
2,sift1m,dhnsw_ef100,42,9fe3928,2026-09-05T20:20:00,hallasan,60000,128,101,14,1,0.684253454208374,857608,14.293466666666667,,0.2103582810070143,21,100
2,sift1m,dhnsw_ef100,42,9fe3928,2026-09-05T20:20:01,hallasan,60000,128,101,14,2,0.7046661376953125,857741,14.295683333333333,,0.2103582810070143,21,100
2,sift1m,dhnsw_ef100,42,9fe3928,2026-09-05T20:20:02,hallasan,60000,128,101,15,0,0.704866886138916,857049,14.28415,96.56,0.2103582810070143,21,100
2,sift1m,dhnsw_ef100,42,9fe3928,2026-09-05T20:20:02,hallasan,60000,128,101,15,1,0.6818020343780518,857621,14.293683333333334,,0.2103582810070143,21,100
2,sift1m,dhnsw_ef100,42,9fe3928,2026-09-05T20:20:03,hallasan,60000,128,101,15,2,0.6987872123718262,857677,14.294616666666666,,0.2103582810070143,21,100
2,sift1m,dhnsw_ef100,42,9fe3928,2026-09-05T20:20:04,hallasan,60000,128,101,16,0,0.6941077709197998,857709,14.29515,96.67,0.2103582810070143,21,100
2,sift1m,dhnsw_ef100,42,9fe3928,2026-09-05T20:20:04,hallasan,60000,128,101,16,1,0.6819503307342529,857307,14.28845,,0.2103582810070143,21,100
2,sift1m,dhnsw_ef100,42,9fe3928,2026-09-05T20:20:05,hallasan,60000,128,101,16,2,0.6895713806152344,857701,14.295016666666667,,0.2103582810070143,21,100
